{"cameraMode":{"drawMode":0,"name":"Shaded","section":"Shading Mode"},"sceneLighting":true,"audioPlay":false,"sceneViewState":{"m_AlwaysRefresh":false,"showFog":true,"showSkybox":false,"showFlares":true,"showImageEffects":true,"showParticleSystems":true,"showVisualEffectGraphs":true,"m_FxEnabled":true},"in2DMode":false,"pivot":{"x":-0.4404999911785126,"y":0.4359999895095825,"z":1.0190000534057618},"rotation":{"x":0.26281291246414187,"y":-0.6920909881591797,"z":0.30311456322669985,"w":0.6000540852546692},"size":38.384796142578128,"orthographic":false}