{"cameraMode":{"drawMode":0,"name":"Shaded","section":"Shading Mode"},"sceneLighting":false,"audioPlay":false,"sceneViewState":{"m_AlwaysRefresh":false,"showFog":true,"showSkybox":false,"showFlares":true,"showImageEffects":true,"showParticleSystems":true,"showVisualEffectGraphs":true,"m_FxEnabled":true},"in2DMode":false,"pivot":{"x":-0.00035646557807922363,"y":1.0001014471054078,"z":0.20359361171722413},"rotation":{"x":0.023994339630007745,"y":-0.9537273645401001,"z":0.2890850007534027,"w":0.07914064079523087},"size":1.1485737562179566,"orthographic":false}